site_id,demand,revenue,latitude,longitude
S01,24,12000,47.45,-122.30
S02,12,8500,47.49,-122.26
S03,35,22000,47.53,-122.31
S04,18,14000,47.57,-122.22
S05,27,16000,47.61,-122.32
S06,16,10500,47.65,-122.28
S07,32,18500,47.69,-122.24
S08,14,9500,47.73,-122.30
S09,22,17000,47.77,-122.21
S10,29,19000,47.45,-121.90
S11,11,7000,47.49,-121.86
S12,38,25000,47.53,-121.94
S13,19,12500,47.57,-121.83
S14,25,15000,47.61,-121.91
S15,15,9000,47.65,-121.85
S16,31,20000,47.69,-121.95
S17,13,8000,47.73,-121.81
S18,21,13500,47.77,-121.88
